Regular Season MVP - Player,Regular Season MVP Team,Regular Season MVP Position
Bryce Sayer,Milwaukee Northshore,QB
Kirk Andersen,Indianapolis Ignition,QB
Martin Morley,Washington Sentinels,K
Jace Thieson,Washington Sentinels,QB
Nico Marcelli,Miami Tide,QB
Miles Allard,Las Vegas Syndicate,RB
Landon Tayler,Philadelphia Founders,LB
Jim English,St. Louis Archons,QB
Boomer Esiasonn,Indianapolis Ignition,QB
Calder Rowan,Birmingham Vulcans,QB
Calder Rowan,Birmingham Vulcans,QB
Truman Thayer,Buffalo Northwind,RB
Emmett Sloane,Jacksonville Fleet,RB
Steven Yorke,Birmingham Vulcans,QB
Blake Fairburn,Boston Harbormen,QB
Blake Fairburn,Boston Harbormen,QB
Blake Fairburn,Boston Harbormen,QB
Bennett Sandler,Chicago Union,RB
Blake Fairburn,Boston Harbormen,QB
Kirk Weller,Los Angeles Stars,QB
Marston Falkner,Los Angeles Stars,RB
Kirk Weller,Los Angeles Stars,QB
Rhett Galloway,Las Vegas Syndicate,QB
Spencer McRae,Austin Empire,QB
Preston Mallory,Denver Summit,QB
Shane Albright,Seattle Evergreens,RB
Lamar Tolland,San Diego Armada,RB
Toby Branton,Dallas Imperials,QB
Preston Mallory,Denver Summit,QB
Preston Mallory,Denver Summit,QB
Toby Branton,Dallas Imperials,QB
Adrian Rookard,Boston Harbormen,QB
Aiden Petters,Orlando Kingdom,RB
Preston Mallory,St. Louis Archons,QB
Adrian Rookard,Boston Harbormen,QB
Cal Newland,Charlotte Crown,QB
Ryan Matthews,Atlanta Apex,QB
Toby Branton,Dallas Imperials,QB
Parker Mahler,Nashville Sound,QB
Landon Jaxley,Detroit Assembly,QB
Adrian Rookard,Boston Harbormen,QB
Adrian Rookard,Boston Harbormen,QB
Parker Mahler,Nashville Sound,QB
Ryley Cullen,New Orleans Hex,QB
Brennan Epps,Birmingham Vulcans,QB
Zakary Fairchild,Boston Harbormen,QB